id,visitor_name,age,gender
101,Ana,25,Femenino
102,Carlos,30,Masculino
103,Elena,22,Femenino
104,David,28,Masculino
105,Fernanda,35,Femenino
106,Gabriel,27,Masculino
107,Helena,24,Femenino
108,Ivan,31,Masculino
109,Julia,29,Femenino
110,Kevin,26,Masculino
111,Laura,32,Femenino
112,Miguel,23,Masculino
113,Natalia,33,Femenino
114,Oscar,29,Masculino
115,Paula,26,Femenino
116,Quentin,28,Masculino
117,Raquel,30,Femenino
118,Santiago,25,Masculino
119,Tatiana,34,Femenino
120,Uriel,31,Masculino
121,Valentina,22,Femenino
122,Walter,27,Masculino
123,Ximena,29,Femenino
124,Yahir,26,Masculino
125,Zoe,24,Femenino
126,Alejandro,28,Masculino
127,Bianca,33,Femenino
128,Cesar,30,Masculino
129,Diana,25,Femenino
130,Esteban,29,Masculino
131,Fabiola,27,Femenino
132,Gustavo,26,Masculino
133,Hilda,31,Femenino
134,Igor,28,Masculino
135,Juliana,24,Femenino
136,Kurt,32,Masculino
137,Lorena,30,Femenino
138,Mario,29,Masculino
139,Nadia,26,Femenino
140,Orlando,33,Masculino
141,Patricia,28,Femenino
142,Quirino,25,Masculino
143,Rebeca,30,Femenino
144,Samuel,27,Masculino
145,Tania,29,Femenino
146,Ulises,24,Masculino
147,Valeria,31,Femenino
148,Wilson,28,Masculino
149,Xochitl,26,Femenino
150,Yahir,33,Masculino
